customer_id,credit_score,number_of_credit_accounts,total_credit_limit,total_credit_used,number_of_late_payments,bankruptcies
56a12ef0-5396-4d44,844,3,6504.91,2193.08,5,1
150c6772-3fdc-446a,446,7,27391.97,2765.87,2,0
407db1fc-1026-46ba,709,3,8239.31,5361.8,4,1
5068acdb-8e01-4ee1,435,3,47275.87,23650.43,5,1
2d0345e9-f420-44e0,608,4,2666.88,264.61,0,0
5a8984d4-87c2-4062,439,3,14598.68,5665.64,3,0
cb7425d9-4e60-456a,737,1,23398.47,16915.23,5,0
9cb24562-e0d1-4fd8,655,9,17745.71,10081.67,2,0
f6b1c1d2-d86f-495e,487,2,1372.15,893.37,5,0
5626401b-ef42-4e45,822,6,39077.83,7409.96,2,1
2dc26c39-41e6-473f,466,4,32750.36,29357.85,1,1
24f16459-348e-443e,787,8,6132.0,1711.46,3,1
508f2b08-407c-463c,560,8,8920.35,7375.53,1,0
053a674d-1baa-4538,724,3,21301.14,8040.53,3,1
0256da40-db42-4c06,593,7,36107.7,3810.72,4,0
2a770885-911e-4bfb,370,9,10458.66,7913.93,0,0
40165266-4fa7-49b8,647,10,26805.8,9878.02,2,1
e8a53b1c-c7c9-4bc7,750,7,8010.96,6968.18,0,0
cf5d6db8-3902-4c6a,582,10,34257.39,16603.76,2,1
88a004ad-0023-4c1d,403,4,37548.17,7577.77,5,1
4222951d-81fc-4c92,644,7,10793.12,9117.22,3,0
f26372d8-784f-408e,612,2,11176.16,679.94,1,1
7ceb7048-a2ea-4abc,786,1,19389.55,6638.84,4,0
e513401d-d2e1-4048,837,5,20382.52,2325.34,4,1
94b55331-f575-4312,708,1,14454.15,11052.12,0,0
0eb0a58e-4097-4fec,498,8,32366.22,4841.1,0,1
eb9cc668-f164-4e9b,601,4,17987.11,17305.08,1,0
024d23d4-8f31-46c3,809,1,19915.9,14307.52,4,1
01cabc6d-6a38-4d20,735,7,45316.69,3633.96,3,1
0ad891a1-362c-452a,679,5,43852.29,20410.94,5,0
ea350a8f-2c5d-4c6e,746,3,2145.42,534.17,5,0
6001c0f6-674a-483b,654,9,37846.94,30016.27,1,1
25773336-1d10-49d6,587,4,8023.08,2745.77,3,1
e8cf0690-34e4-44ed,353,10,12567.79,9212.49,0,1
f5bf2bae-948c-42e7,519,1,20419.86,17090.48,4,0
981416b5-ea7e-4239,553,10,13828.66,2230.52,1,0
1fe5e644-280f-4d51,736,5,5925.92,4363.07,4,0
2e99fdfb-bfc4-4ac8,595,10,26175.29,22979.39,1,0
4b44d2ac-ec8b-4693,667,8,41141.29,19327.93,2,0
d8b5c9d3-cba9-449f,321,3,29013.86,22094.44,4,1
b979294a-5e10-4317,779,9,13123.42,5283.12,1,1
9ea5814a-fb86-4395,654,9,38704.46,25033.4,0,0
86f1550f-c06d-44e4,494,7,47024.26,24225.17,5,1
86c1f823-0063-4187,634,7,46641.69,1788.93,4,0
86638451-71ea-4a7b,503,10,20899.29,3128.6,4,0
ad4aa76d-d2a8-43ab,399,5,46026.52,41943.66,5,1
53b14f0a-468a-46ae,841,6,1608.54,1396.37,0,1
0bf536f4-c4f1-4141,812,3,36782.16,36310.08,1,1
f4b91d19-008d-4c08,624,4,15313.79,1956.67,1,1
6638a143-9a1c-448d,810,5,3691.5,2612.64,4,0
752dd985-a772-4854,469,10,8485.6,3950.86,0,0
f31704e6-6005-4cce,570,10,47399.58,23291.59,2,1
f8e96d9c-ae08-4d72,520,10,38589.78,13576.86,4,0
3354a744-73f2-4036,448,5,3245.25,1990.31,0,1
250f39ad-db72-45b9,565,10,28191.93,810.88,0,0
cc81ad46-1cb9-4397,538,1,24824.72,24132.56,1,1
53ebd94b-da42-4475,829,4,48798.52,45370.04,5,0
a77add36-41ff-494b,791,3,9717.29,7153.22,4,0
32c78a87-5003-42fb,709,5,21691.2,18410.95,5,1
4e829b9c-364a-471a,398,5,29850.11,3170.05,1,1
b6005ec5-d0e9-4f9f,304,9,26274.57,22007.62,2,1
2ff5d6bd-ab66-463c,324,6,14591.46,11640.88,4,0
ff4465c4-79d2-447d,833,10,22570.85,8707.68,1,1
62b6250a-6214-4c47,302,7,17728.69,15937.14,0,1
1366d0de-f3e8-4a99,827,4,23663.22,9845.44,0,1
a81bc72e-112d-4c26,750,2,45768.0,38200.84,4,0
c033ff05-74c4-421b,811,3,4232.45,4154.83,4,1
72673ecb-0c3a-4960,491,2,49650.71,28881.66,5,1
b787e9b6-fe0c-4162,607,3,44581.85,22604.42,1,0
808e72c8-666b-45b1,313,10,48386.51,1383.08,0,0
82aadf69-c2e8-4dd9,318,3,3231.23,1029.08,4,1
7dee5e67-e69b-446a,693,3,32661.22,28888.29,3,1
ba2f1567-9a46-4dca,699,6,17137.75,9099.33,3,1
d1f819f1-eb2e-4333,761,5,28897.73,20586.03,0,1
e5643378-eb44-412d,425,2,25266.51,7835.43,4,0
cacb4dd5-4a90-47ee,655,7,41617.11,13871.46,0,0
35845ce0-cfe2-4dfd,563,1,14651.53,7241.42,2,0
aff40103-cc76-475a,385,10,4670.7,4106.9,2,0
464d6628-7d62-4fb0,708,4,16768.56,2393.97,5,1
a14c9594-cc0d-474a,470,8,7489.84,4883.06,3,1
3636a6cc-e8fd-4e30,372,6,3630.44,368.79,5,1
e754d9fd-4b47-49bc,440,9,32631.47,30884.31,1,0
1c9b4094-86ac-4943,413,3,39091.27,19507.43,2,0
33c74914-35fd-4694,389,6,16876.51,9471.63,1,1
f84f35e8-7d29-444f,485,10,21447.84,19586.53,4,1
0bc5636a-e575-4ab7,637,8,38436.67,19914.94,5,0
739e169a-c02a-4a8d,837,5,41901.81,9266.13,0,1
ade34c7e-c62a-422a,399,9,47429.47,41986.41,0,1
1bc2794f-1d90-4181,556,8,48743.92,43122.82,1,1
dc140749-3ac6-44e1,515,3,13732.0,1935.08,2,1
6b81cddd-ac58-4808,802,7,41123.38,28433.27,1,1
c27d7b5d-e29c-4323,706,4,39163.32,8222.4,1,1
c1700eda-9558-40e9,349,6,12394.9,2830.77,4,1
2080e4be-8daa-49be,596,5,31162.68,9218.35,3,1
103815a3-dc25-45a4,645,2,45420.04,43251.08,3,1
a20119bc-6eb2-49d5,680,1,17342.42,16743.35,3,0
e02c00d9-8db7-4d0a,391,2,3499.14,27.83,1,0
473af507-5f68-4b7c,524,4,9069.93,6948.47,2,0
c5fb3026-9b01-4ba3,643,9,44793.78,3091.64,5,0
5b8b5e1c-db46-40f2,722,2,3125.82,2810.91,1,0
d1fa170d-531f-4c26,471,4,8985.65,581.56,3,1
2e76fb6f-406f-4d5a,458,2,29791.96,26217.52,2,0
7b63ec53-08ce-465a,343,10,34762.37,11190.43,4,0
3617b15c-03f3-4054,699,6,16437.61,14330.21,1,0
5be213a7-9dd9-4b40,564,4,47832.97,15871.28,5,1
a3a1f329-6e8d-456f,490,5,17694.81,14299.22,4,1
8ecf81a6-2873-4229,453,6,11326.83,8831.7,4,0
50ecf9b2-58b1-4e12,838,4,49800.51,29298.25,4,0
7e644fa4-0275-4d98,427,7,41983.98,6796.5,2,1
f603c4c1-0112-48f5,555,10,41815.77,4883.86,4,1
3c486e2b-2f1b-4191,305,9,27697.99,16090.75,5,0
85dcf755-b9c0-4d4c,754,4,48164.47,24634.54,3,0
b1a1f60e-7caf-48dd,472,7,8935.61,8789.6,4,1
fa4d32cf-af9b-4498,637,1,11514.64,5864.41,0,0
e9e91dd2-e778-438d,735,7,22468.38,1803.6,5,0
91926677-a13a-43c0,652,7,2040.54,884.68,3,1
9f35d1fb-ccd4-4547,493,1,14454.48,5759.71,4,1
0e665109-8312-4828,398,8,10029.71,5221.07,5,1
8fa31d66-73f2-464e,652,9,30246.67,1026.23,5,1
a4780ba7-aaf6-455c,655,7,9452.1,5951.0,0,1
2f304d0e-ff4c-45b4,606,6,1606.55,995.4,3,1
784e0abe-b070-44f1,571,1,6519.65,1794.9,1,0
9c529ba4-45aa-4ea7,541,4,24509.46,1456.19,1,1
1afc1d6e-20fa-4129,785,4,11420.99,9413.4,3,1
b6b389d9-b4ae-493d,516,4,48343.17,8048.4,3,1
1a426fd7-d21a-40b2,450,3,38065.14,1689.51,0,0
a15d9efb-a7d7-4081,400,2,14161.48,13860.1,3,0
409e8804-a6ec-4084,375,2,13456.36,8489.18,3,1
269d1c7a-e084-423f,428,1,27327.51,20907.14,5,0
a60002be-0141-4824,330,6,34162.26,32001.51,2,1
6abc2294-efd9-4cf6,404,7,45446.81,13492.45,1,0
d0870c84-58d8-4f29,327,8,48189.97,16411.89,3,1
245a0539-a016-46cb,764,9,20505.26,9843.22,5,1
97d8cefb-aef8-4423,758,4,30603.17,22985.01,1,1
d5e290a4-f9b8-4bbf,678,10,18142.64,6563.21,5,0
b5774f45-e553-470e,413,10,21703.54,9120.13,3,0
b8b20b35-f39f-456e,423,1,38616.18,28400.33,1,0
57a8a23e-ef27-4996,750,3,44709.9,34313.43,0,0
4d11c196-a6e8-4653,765,5,18740.71,8153.98,1,0
4d5bf5a4-5cf6-467f,769,8,27704.98,1392.27,5,0
5a8e6aa2-4f95-4dcd,514,2,34391.3,30404.84,4,1
47e14105-c292-4a76,415,9,46142.13,41195.6,4,0
03134e70-3d58-4a9a,528,4,36771.28,18076.66,4,1
fce3eed7-8e82-49d7,531,4,13150.57,11268.42,2,1
89d58a09-6394-4b4c,812,1,35730.67,12551.28,0,1
98855b2b-82ec-4619,789,10,1727.77,1689.66,4,0
ce248ed2-9125-4bb6,716,1,1189.78,86.41,5,0
c72c56c4-7f10-4bbf,624,9,11551.41,6514.64,4,1
b39b480f-fd8c-423b,556,4,5096.13,3242.47,3,0
816cffee-8e4c-4637,660,9,47273.92,5015.07,5,1
d5427b09-cf62-4825,645,2,8389.22,7675.79,1,1
d7a4c105-3ac4-4b57,713,4,22510.62,20497.27,3,1
897b8c6f-b41c-42b4,821,10,14952.07,10777.14,4,1
9268ff51-c07d-48be,798,4,29527.23,4755.47,1,0
b40876d1-0aa3-4d5a,635,8,17200.63,11232.19,0,1
2b273a01-956d-4341,679,4,26619.94,1538.2,3,1
f73f49f2-774f-4bad,457,7,44136.42,14987.31,1,0
ec949c5e-d90e-481e,540,3,28327.71,24207.11,1,0
4dd1e57f-b7af-41e8,367,8,41021.79,14725.75,3,1
64054578-da67-4d73,786,3,25699.79,25115.87,3,1
54c15eff-e65d-4d5a,807,10,16413.99,13350.42,2,0
56945f78-18e5-477d,493,10,43615.38,19087.05,4,0
c764b925-77b4-4b30,847,9,48903.07,1251.02,4,0
36facf97-d1ec-4232,493,10,20786.25,2985.6,4,0
c0a3d4b1-171f-4d9f,586,3,18821.64,17725.45,4,0
0c3e161e-bd7b-460a,408,8,43235.96,12828.67,4,1
a80a89c7-af21-41f0,720,8,37377.43,28257.65,4,1
498f6ea2-722c-406f,670,10,31555.47,26110.21,4,1
3c9a46c4-3495-446a,440,3,42169.91,13360.0,5,1
56e5b049-63ed-46eb,491,7,2532.17,808.75,0,1
d9ac2866-dd4e-46e4,382,2,27449.34,2548.93,3,1
1bec2ce5-ee23-49e3,722,3,17894.02,9354.75,0,1
b2bc77ea-66b0-4eca,524,3,32455.69,19920.43,2,1
5ff0a759-a87a-496b,465,9,4082.05,1471.61,1,0
e9fd0dcf-5228-4fbd,833,4,18108.3,13080.94,2,1
968ec53a-26c5-4e8e,638,5,21704.32,1627.08,5,0
d7562e75-686f-4750,445,2,34928.27,23358.55,3,0
a1775a63-0784-47a5,662,4,26961.73,5511.5,4,0
a0658ebb-196a-4197,349,1,36999.43,36284.66,1,1
fb1580da-b577-4712,390,8,12545.05,8715.59,3,0
c7758aeb-0e4c-42fa,628,7,7615.85,115.3,0,0
b2da8cdd-21f3-4fb4,494,5,10335.29,8754.28,3,1
7b3afdbb-03eb-4eef,566,2,16502.51,16323.3,1,0
2df9923d-a7be-42c3,601,10,37507.41,14782.62,0,0
30ae6ea3-fa3c-4383,321,9,41884.27,38687.04,5,1
e5b99de9-959d-4ed1,766,8,25402.24,19493.44,1,0
80f0d97c-0ca9-4818,631,7,18841.08,4651.15,3,1
e8315780-43d2-47b4,387,2,11881.43,1992.22,0,1
9a34bde9-3f41-43c8,576,6,36279.04,32716.1,0,1
687c492e-cc8c-487f,530,10,44192.39,23600.37,0,1
b4a06f8e-23e2-43e3,632,9,4253.48,1704.47,5,1
c4cb91b7-05f6-465a,462,1,49304.01,15102.24,1,1
6ee5e7c8-ee59-4be6,425,9,32137.54,6180.54,2,1
4cf85ffd-fa52-4862,655,1,30125.69,28190.68,3,0
89c0cb5a-8dd0-4c3e,378,2,37467.1,16574.23,5,1
12ef17ad-c5f4-4a27,650,7,34605.81,1363.61,1,1
8a3524d0-8e8e-480c,502,6,35676.45,547.68,5,0
76c9abbc-97b6-4cde,530,9,43499.59,36117.89,4,0
d1c2f380-fd10-4c2e,467,2,44202.8,20430.64,1,1
185c63a8-8c14-4115,774,5,47727.58,38996.44,3,1
1bba108b-687a-42ae,820,7,31669.55,30927.16,4,0
4d98c02e-3cbf-41ba,349,6,7435.36,4220.46,1,0
01e4e170-1887-43d7,371,8,9868.92,8408.33,5,1
3953e219-6b0b-49cd,836,10,1180.0,87.78,1,1
09bdb732-8b6c-4d26,618,3,11267.75,4221.18,2,0
73d949cd-8474-4184,481,2,18576.64,1134.4,4,1
4820c14b-4366-4ba2,799,6,1774.6,564.75,4,0
15b4fb36-dc92-4cba,446,6,10250.97,4200.96,0,1
14346b32-248d-4c0c,391,4,12287.07,9797.92,5,1
f70775a8-c1de-4e89,453,1,12585.28,8795.46,2,0
5d518273-0b97-4d24,840,4,25920.98,11160.3,2,0
813baccc-0570-4809,450,5,48420.14,40100.49,3,0
0b2271c8-727a-4f41,754,5,22682.08,84.31,2,0
89674ca6-86d2-42a3,733,2,4498.0,827.52,1,0
6dad4047-8189-4eec,619,6,4614.75,2885.25,3,0
40627db6-6dd5-4e4c,598,10,47402.38,18484.42,5,0
6fef451b-8bc1-40e3,340,5,44741.85,3570.1,3,0
6771ab37-4fdf-4494,386,1,39454.21,30218.72,2,1
94bfedf5-4159-454a,411,7,31171.68,12764.36,3,1
fd3f014c-67d1-4759,483,10,25698.16,4660.99,2,1
36c18279-4a90-4df5,374,5,14423.42,2058.41,1,0
5e7fe11b-b030-4146,812,2,31923.47,4164.85,5,1
5621b631-0f6a-4b5a,443,4,1070.1,426.11,0,0
4206b5a4-398f-430f,437,5,38512.31,20416.41,3,0
b5f76f8d-e9dc-4bb4,430,3,3587.8,1340.9,3,1
fe5b5edb-e917-4d60,515,8,12287.47,9616.96,0,1
a5638fd2-ae00-4c8e,807,6,48906.59,13494.12,3,1
038e6efa-8f14-4d4d,312,9,17880.8,14529.4,0,1
ee32493b-3756-4aa6,369,3,17248.69,125.59,0,1
d36b82b4-262d-4439,390,9,49257.43,33759.95,1,1
f01ba5e2-174e-4291,442,7,48141.6,46783.04,1,0
2f710dbb-d107-4832,823,3,5039.87,1015.06,4,0
b86e9877-7171-4a88,360,3,35444.55,8141.23,5,1
5a2d4756-7ad8-405e,501,10,37463.43,590.93,3,0
d8a78e18-91ec-4106,759,4,4042.38,2683.9,1,0
1f0caf90-a99d-4138,480,4,28069.2,5219.48,2,0
115fe6b8-609e-4020,473,10,5752.0,4895.03,2,0
6b037bae-3eaa-4c0b,731,3,26742.13,16965.17,0,1
6de166d4-ed7a-40b2,738,1,31864.02,8457.75,1,0
7ae18899-8059-422e,821,3,28912.64,4512.92,5,0
ffe419ba-48c9-4b96,385,7,41974.29,15731.85,3,1
8ebfc206-661e-410c,827,6,1505.59,690.95,2,0
501dcba7-c817-4445,473,5,9165.31,5298.49,2,0
d90d9b31-fd92-48ae,529,10,33225.12,745.7,2,1
d567ce76-7692-4444,520,9,38887.19,23619.78,2,1
1ca421e6-4c59-49c0,750,10,46375.59,5534.03,2,0
bc1e110a-d57f-4420,587,6,25056.07,23588.35,4,1
ec17411f-6b9b-4ff3,843,5,35122.84,20028.77,1,0
baf3f0c5-0fc1-4409,823,3,18113.69,12119.67,5,1
133093b1-ac6b-45fb,483,4,28473.26,18065.51,3,1
05bff136-4553-4d0f,497,8,16698.08,10597.57,4,0
7233a36f-b8a9-4547,840,10,16949.01,6599.87,4,0
ab532af8-db48-45e1,633,8,21040.84,3848.51,2,1
180202dd-73d0-46ab,403,5,36282.51,7716.65,5,0
00ec82f1-4f67-4e51,822,8,18187.45,3465.3,4,0
fb53b609-373d-4df9,555,9,14848.69,12106.46,0,0
ad8328ea-f4a9-413c,520,10,30721.66,7635.92,1,1
9bc97429-964b-4112,345,9,25386.51,3927.69,5,0
97c1c5c3-feab-44f7,518,9,39107.27,13522.64,4,1
f4681db4-3ff8-418c,746,6,44292.66,8462.52,2,0
f2c12724-08d1-4348,498,3,49875.61,20721.83,0,1
d25c83bf-c549-42dd,713,3,45346.14,10311.42,4,0
91ad83e2-ed30-424a,420,9,29664.46,2689.09,5,0
6ed2f310-06ee-44d4,812,1,8814.59,2882.16,1,1
b6be3bd0-04ff-469a,631,5,45708.47,34055.02,5,1
d024c472-f900-40e1,785,6,1616.16,371.17,1,0
02fa740d-c6b8-4cb9,444,10,46651.63,788.97,2,0
6097db27-6d75-4a62,668,10,29378.36,7717.14,2,1
82d9f041-3389-4917,725,4,17619.19,3555.5,0,1
36bd9b24-d6ce-448d,572,4,49743.49,13076.36,4,0
e7851354-a8b6-4801,521,5,24816.93,23756.83,2,1
0cb15c87-d7f7-4d79,569,4,9081.49,1959.7,4,1
53800009-b900-4071,444,5,25177.86,18150.6,2,0
e68f417f-808a-45cc,596,6,22455.78,4682.26,0,1
8096648f-a930-433c,740,6,45504.41,2691.16,3,0
f0bfc0b8-aaf0-4234,435,7,28104.22,2927.42,1,0
485c4311-4834-4c6c,314,5,38196.51,12773.43,4,0
1451756d-751a-4c61,588,9,17926.42,13480.38,4,1
0591daf8-2f51-4cd7,672,6,20750.93,7611.67,4,1
46681b14-160c-4e0b,779,3,36942.07,24977.08,5,0
f1d31778-6f30-4232,362,10,35265.13,23166.17,1,0
d53d2021-f386-482d,815,9,41352.17,20575.88,4,0
4d89063e-d3bc-4363,690,9,37232.61,26700.86,4,1
604150fe-6ea2-42c5,805,5,3476.5,113.98,3,0
56735328-bfdc-4b47,660,3,23346.42,16988.91,2,0
c771c239-dbef-45a5,796,4,23171.34,3112.37,5,1
1a626c15-1eab-48c0,516,3,35137.2,33789.92,0,0
1efdb04d-3419-4401,558,5,42411.62,4458.27,4,0
33a28273-a463-4934,792,3,14122.1,206.3,0,0
be14925b-122c-429f,730,6,29531.91,24489.08,3,0
493f1e1f-51aa-4053,477,8,24751.68,1752.26,3,1
2da3e4d5-fa5e-4eef,485,6,1041.46,647.11,5,1
19c18bca-d83d-4653,584,9,17997.74,5822.61,5,0
09b15a3b-194e-475f,445,8,42064.54,41439.16,1,1
f45ac27e-acb4-4ad5,672,7,48107.16,110.21,4,1
a32ddc26-6437-4fb5,819,7,49573.29,47289.68,2,0
156175bc-a85b-4fc1,537,8,13687.84,10499.89,1,0
ab14843e-3a85-4df7,747,6,2436.79,1380.34,3,1
3bccc332-32b8-4e1b,537,7,31683.9,5907.03,0,1
ffce276a-859a-4f53,805,7,10703.29,3510.51,3,1
ac2aba45-668d-4488,647,9,4586.72,4213.63,1,1
20c64e70-d593-4515,423,9,10791.47,5263.97,0,0
c422f4e8-d382-476a,357,3,32900.2,27331.09,5,0
57f44b8c-ec55-4681,743,6,13603.81,7037.63,3,1
2276a2b8-63c9-46cf,551,2,11079.49,5932.71,4,0
05a19411-60ee-4536,845,3,12241.31,819.53,0,0
457b8d10-a4d4-4a79,497,1,49018.94,4743.96,1,0
d2549691-bad0-4a84,538,8,17469.59,59.79,1,0
69647611-dc7c-4e85,367,8,18689.77,14814.46,4,1
e6b8ddc7-c005-4cfd,471,3,38082.15,2116.66,4,1
641a471c-b89b-4e5e,769,5,2726.37,1913.83,2,1
0de89089-a8c2-4a0a,564,7,4693.28,2423.94,2,0
086b06a2-62ac-42bd,677,8,43847.64,29387.69,1,0
0ab4be6c-9c63-4be9,798,9,36498.3,8.9,3,1
51e2fe90-0133-432a,368,2,48511.31,28234.78,5,1
b918d89c-cf6c-4992,837,9,10636.88,1718.13,2,1
ad2a53c9-dff1-45d0,807,8,25719.56,18591.37,0,1
05277336-bee5-40c9,370,3,37612.15,9146.7,3,1
03f20bae-d0c3-4a4a,758,7,30951.0,19344.42,0,1
d007af5d-5043-46dc,354,1,20617.68,15865.67,5,1
3c6a93e9-8f2c-40d0,335,9,38981.18,14383.62,5,0
6c8b4fd8-a937-4183,700,7,15795.79,11281.24,5,1
76972e4e-41f3-4f46,562,4,9851.7,5394.42,2,1
7917458f-9be9-4cb6,650,10,9699.97,281.39,3,1
ad71e8b3-c621-4375,568,5,2044.36,35.91,4,1
aabea23a-e6ca-406d,673,1,9740.7,2284.94,0,0
63dd0971-d350-4c06,480,3,31957.58,29910.85,5,1
c6596ad1-e281-4761,442,1,4743.27,2256.34,1,1
9b1a8cbb-13a9-4e7a,472,10,28750.31,13491.18,2,0
73fb267e-f41e-4351,395,7,22449.21,19959.99,0,1
9aa38c40-d83a-4401,757,2,28036.79,16189.71,2,0
be562616-fe94-42df,766,4,18263.27,18147.55,0,1
2ee25869-b828-4a14,561,6,45145.77,2215.79,3,1
9d109d71-8678-4feb,544,5,38098.47,11299.22,0,1
110ab5da-f8de-49cb,559,3,22096.41,11599.16,2,0
38f604b3-8308-4bbd,405,1,43791.38,21560.04,5,1
0d20d67a-0103-44c7,301,1,28433.09,11367.91,4,0
48d9c5de-98f2-451f,491,5,36612.51,25176.66,0,1
fbf1e1f2-0746-4ff1,443,9,4155.04,156.3,5,0
9e812fbc-3af8-424d,630,1,16412.15,2775.92,1,1
d58e2ea2-e6fc-4da1,421,4,16912.73,9808.0,4,1
348e5c54-e54f-43b2,400,1,41781.27,10448.87,5,0
052b1e3b-c451-480a,502,8,2274.01,1810.96,0,0
7a47f8f2-c3ad-43e1,743,5,47288.78,3125.99,4,1
29857e9f-3c13-4226,676,2,15379.78,8691.97,1,0
8db50b08-d3f1-4ed3,311,1,5120.15,4001.72,5,1
437e87c4-27a4-4c4e,314,5,41477.35,10355.75,0,0
5be6a284-f5a4-4e82,836,5,9057.2,6582.28,0,0
2bed1c89-eca2-4496,390,8,9987.32,7046.45,4,0
547d8812-3321-4956,398,4,22569.64,2147.54,1,1
cc974139-6724-4d1d,444,10,5696.37,3527.53,2,0
fa1e8798-3f05-4d3c,607,5,34832.18,23795.57,1,1
8d6febbf-aa2d-403e,346,1,16973.66,194.9,5,0
99785b39-0143-4275,315,1,8069.21,6472.5,0,1
2c9eb760-a87a-4480,413,3,18010.65,1870.4,3,0
b04be484-2aa9-426b,614,8,10301.64,3336.78,2,1
7f830c52-f6c4-4f57,674,7,28557.09,8675.36,2,0
18abc358-2118-4ff4,550,8,11830.79,2315.75,4,0
4571aca1-e563-4903,730,2,29860.87,8530.52,4,0
e43d99ac-38b7-42c5,300,7,12857.29,4157.46,3,0
23fd9597-667e-4ca3,304,9,22510.93,10632.45,5,0
3b7022c5-c211-4a9f,624,5,28832.19,12016.25,3,1
69065e5e-c16b-4605,355,7,34686.06,14334.06,4,0
77ce2fad-797a-4df8,456,10,22340.8,9670.95,1,1
90f2043c-2dc9-4a38,435,2,8065.37,3321.56,1,1
f923de0b-93b5-4bc7,764,6,49288.75,266.98,5,0
c3eef333-73bc-4d86,575,8,14626.7,11253.2,0,0
1ab6898c-a2d0-428d,821,9,44883.87,32437.14,0,0
4c152a28-45f1-4b86,768,7,27369.48,25482.47,3,1
c7697f0d-4030-47bb,491,7,44128.16,504.77,5,0
6141fab0-1afd-4d7f,517,1,39907.28,22487.34,5,1
d0e3585c-27b6-42a9,822,4,46944.87,6915.55,3,1
9369340d-f7c9-40f1,426,3,3154.62,1078.78,5,0
4f7880f0-89b4-4c65,553,7,20261.89,471.39,1,1
622e1ae5-5982-455b,476,7,8273.81,345.48,4,0
a4f93c3a-c624-493d,610,1,26048.99,20.95,3,0
26435f05-b606-4236,532,9,3154.34,2995.1,3,1
be71cd88-013d-48c0,401,5,26597.39,20886.81,3,1
5940e9cf-79aa-4001,641,7,9898.03,5016.9,4,1
4c1ef74c-3cec-4a3d,377,9,10692.39,5956.62,4,1
ba750525-b608-447f,657,7,15561.86,3481.7,5,0
8fea4a4e-970e-4bba,758,4,17260.88,16759.09,3,0
01244cf1-476f-4685,577,10,18445.64,5862.8,1,0
a53f3278-868c-4c4a,792,6,3424.76,545.87,2,1
fca6ca7e-0922-49eb,725,7,28978.12,14506.21,4,1
698ff706-b714-43d5,739,5,40943.32,13182.41,1,1
61f9187c-76fb-44ec,643,5,24123.32,9161.42,1,1
cddf1fa1-a5ee-42f1,829,6,30703.37,18613.27,5,0
12119924-25fe-4d6b,406,7,34248.85,31555.73,2,0
b416d157-d767-46b2,393,3,11326.72,8190.98,1,0
a81b8a29-b576-401e,370,5,28645.56,9617.5,2,1
e2f9f1ea-33b1-48ab,315,8,41132.62,16917.35,4,0
ef7e6be1-bb5d-4e2d,379,1,41767.74,31511.57,1,0
12bd6559-5f40-4848,588,1,49327.95,34489.63,3,1
c4c175cc-00ac-411b,358,8,14033.24,9259.79,5,0
c6b3f7a5-d4be-41ed,512,5,11239.24,8159.52,3,1
58513e87-f41f-454d,329,4,7475.9,1023.18,0,1
c00a3c93-e410-4cfd,504,4,45751.56,21285.01,4,1
a6fff11d-a5f9-4a61,315,3,23674.73,10494.09,5,1
719ac202-2b89-4cb5,764,5,36887.38,34673.81,2,0
e4402130-00f7-46c8,305,4,28531.83,26866.46,3,1
7b9be57d-7518-4925,700,6,15172.0,11491.98,5,1
d7e8f227-c66e-4088,390,4,3927.85,27.99,4,0
89c0f556-b0ff-48be,460,2,3957.11,1227.16,5,1
4fad3c47-c4a0-4afa,622,9,17533.05,10011.02,2,1
3da0afd5-d680-47e5,619,2,35541.75,22465.37,3,1
1c13ad2c-8526-4e4f,700,10,20518.21,1690.44,1,1
259f5ff5-8086-46f5,783,2,27951.09,13669.88,5,0
068f0bc8-36fa-4566,716,8,19799.24,17235.9,0,0
62ba3487-d227-48b2,805,5,29500.87,15707.69,1,1
6f1a6fa0-8b86-4bbb,843,4,4760.36,3531.75,5,1
230c90f8-65a4-47d2,850,2,46671.4,8402.97,5,0
f8866583-882b-46da,601,1,4384.69,153.22,2,0
d87a9efa-2eb7-48a2,629,1,17654.46,7039.02,2,0
4ca9fcc3-63ff-47bd,371,3,27505.63,12273.35,4,1
e9f4b9bc-f4e4-40b8,579,10,26040.83,8889.86,5,1
e69fe279-311d-4fe1,661,10,1426.74,886.09,1,0
51a89970-eb12-44ec,488,8,29931.93,3630.86,1,0
ed30e367-12da-4691,598,9,16327.57,14245.14,1,0
17836dc9-7a6b-42c0,542,8,6881.85,3628.38,3,1
150ad289-ef15-4b46,436,7,40592.07,21136.98,1,0
46ce71c2-baaa-4ee9,356,6,14545.29,9976.03,3,1
de7943a2-ed1a-4179,848,5,46576.16,43187.08,0,0
f6902723-6e1a-49d9,790,2,12493.03,957.56,3,0
e07bc90c-19a8-49a9,461,2,36003.94,34205.7,1,0
4450a408-17a6-45a5,352,8,4712.7,2975.67,0,0
3e39d558-ae92-4026,641,9,35771.64,3272.65,2,0
fd3e78fc-ce9e-4da7,808,4,4618.79,4107.9,4,0
439c2dfc-8bc2-433d,555,8,14459.35,13489.25,5,1
e74e39d3-ccc5-4526,818,5,12459.0,2667.24,3,1
b5de7bd2-faeb-496e,405,5,20634.96,8704.11,0,1
0733ddcd-6736-4e76,561,1,1307.74,512.84,2,0
04f972e7-c040-424d,532,1,36282.69,33376.6,5,1
2ab41600-e894-4c04,368,10,41780.11,17139.63,1,0
c8f8af06-a668-4919,444,6,1744.88,218.0,5,1
415bccbf-d11d-49d7,517,6,30650.15,13901.05,1,1
70054937-ae0c-4f77,756,1,15312.73,1316.4,2,1
21cecd0d-2ee1-4952,523,3,49923.18,44840.55,0,0
8ee583d9-4625-4ee6,676,4,29362.38,3616.8,5,0
ae1daaf8-4f0e-4052,847,3,47470.73,10565.09,4,0
2512b29c-a498-4770,655,5,38766.29,24645.9,3,1
fa2124e3-9b0a-4215,376,4,34075.26,31220.25,2,1
8fdd1eed-b579-4066,413,9,27237.73,15449.08,3,1
0f4fa2ed-0014-4585,713,2,32604.1,15809.5,0,0
e827002f-9538-49ac,760,9,26460.94,1277.42,4,1
5de45625-63c2-4fc8,339,7,39665.49,34312.01,3,0
933ee882-3c89-4a57,616,6,34761.21,34529.14,2,0
bf6c50e6-4f7a-4f2e,818,8,22212.59,22013.69,1,1
70c90437-6f47-4d9e,399,4,47309.1,42040.98,3,1
3fa7f82c-948d-4e46,585,4,6974.31,173.35,1,1
2392f6c4-2dc8-458f,710,6,38414.02,17330.87,0,0
80d2ef2f-dc25-4fbd,467,2,27604.99,22402.59,4,1
2a3bd922-ff7a-46a9,709,1,37906.38,20814.18,4,1
27ccac34-2c8b-4538,696,4,44206.17,8218.6,5,1
d0522ba1-d757-4e12,340,5,36736.37,5589.51,3,1
6f60c14a-561e-4ab3,315,1,32032.42,4402.16,4,1
13e08194-4f11-48b9,697,1,6222.95,4131.16,2,1
e67bbc62-4f14-4c85,840,4,28466.19,26317.89,5,1
7afcca53-7ff4-4d12,310,5,8570.8,6157.09,0,0
3999e63a-bc8a-4eef,354,10,26182.19,2038.96,5,1
4cc66f21-2d4a-4d18,318,10,6925.68,5258.74,4,1
f51bbc47-c45a-4f01,386,4,48256.77,5445.37,1,0
417ce8eb-3b41-437c,421,6,22739.2,15747.83,0,0
36db870d-b7ac-4b40,681,6,11069.89,1909.88,0,0
80e3ed5a-e6fc-4f3e,702,9,31364.69,3885.68,5,0
09cade72-7230-4223,679,1,29770.57,10273.57,5,1
cde55783-bee3-4273,842,6,42253.67,19135.74,5,0
ec9360ec-a79d-47f8,703,6,30912.76,17284.71,1,0
79608d49-1ff1-400c,502,6,19632.75,7807.32,3,1
ee81376e-6146-420b,500,4,35258.76,32222.68,4,1
a8b1e396-9e65-4879,780,10,34915.1,27459.21,4,0
1086065f-f8a4-411a,520,9,28001.24,9377.4,4,1
cea438c0-7a1a-489e,822,4,24867.5,7036.05,1,1
e14feb87-ebff-4ad5,770,1,24320.98,16789.49,0,1
7c7e07e2-319e-4791,777,5,30021.97,19951.62,0,0
eb27a389-643d-4ea0,398,7,41670.37,12878.09,5,0
73e88dcc-5129-4899,788,4,13467.61,10033.38,2,1
5cb22fa2-f361-4fcf,816,7,25099.98,8862.53,3,1
13859d91-bdbb-4994,725,8,42628.46,6109.81,1,1
fc8ffbc2-c768-4266,634,5,13142.41,8748.52,5,1
dd1baaf5-cc28-449b,687,3,23583.92,8168.33,4,0
0b83967c-6e58-428b,348,1,11938.74,4178.81,0,0
48913335-f376-41a9,808,3,37701.96,33621.14,1,1
90323bd6-cddb-4ec6,653,4,20659.83,8265.65,0,1
02d32bc2-7181-4828,515,6,1640.6,783.23,5,1
0cdc5d2e-04aa-4441,532,4,14575.55,12812.49,4,0
2b3507ae-c86c-4d35,691,1,41900.03,37844.46,3,1
9038815e-5bb5-4e4d,542,6,15967.64,1010.58,4,1
cac105d2-ef46-4d00,649,3,1136.93,609.33,4,1
86f44367-64ee-4c4c,321,9,24181.9,15673.91,3,0
d7057489-56f1-49d3,344,9,22457.73,5885.7,3,0
3ac40585-4b2e-4655,325,6,26565.32,16616.39,0,0
3bc53aa6-3eaa-4102,646,10,41720.84,39975.54,4,0
335a776c-f54c-4556,350,10,25113.95,22848.1,3,1
d41213a0-12a7-45d4,747,1,38929.81,19541.69,3,0
609f27c8-9fcf-4619,507,7,10440.29,7033.08,3,1
2609bc73-d297-4573,611,9,16717.03,1523.4,2,1
586c62b5-6614-4dc4,419,7,31035.94,27583.76,2,1
2b81d1e8-c53d-45f7,621,8,26612.56,17341.72,0,1
c8c1bba9-862f-4b2e,679,9,32505.47,20860.38,0,1
eae61592-13d1-40ac,830,3,31790.6,5847.9,4,0
a39d2a67-bb47-4b8e,380,1,26960.09,10562.35,0,1
f8dd22ea-f4d1-4be4,681,9,33858.26,1469.89,1,0
caba3260-1f0d-42ca,745,4,48385.66,7627.44,4,0
8572c458-7212-4d90,789,6,31925.34,12852.33,0,0
dd63a927-e363-4bff,442,8,24126.55,17747.93,5,0
072e507a-d280-4547,463,6,30010.57,22941.3,0,1
aff03394-4bfe-4c1c,793,9,24716.54,11986.23,1,1
52c76096-93b7-4335,842,5,31936.08,4401.49,0,0
a881fb45-d1c3-4f28,574,9,27545.2,14791.59,2,0
02fb312d-4f7c-491c,443,9,30322.15,2605.92,5,1
c80ff50c-be80-4083,462,3,43822.94,42612.16,1,0
6f0e7a08-cb00-4d4e,615,2,43524.04,25725.9,2,0
845fb067-dd6c-4976,448,2,3443.23,2411.15,2,1
24331fc0-7453-4633,778,7,10595.33,1009.62,5,1
19d00490-fd90-4fb6,590,6,32346.82,875.39,2,0
a0b363a9-2bbd-47dc,719,9,42390.72,31263.92,0,0
2b0f9654-1473-4619,799,7,45241.11,30435.89,1,1
19f51598-56bc-4f07,608,9,46797.36,23476.01,0,1
e2484d2f-f834-4cc3,522,7,49546.58,15659.95,5,1
ce067478-e1ed-4a06,761,7,25375.46,5568.19,3,0
ea0c454b-5284-46c3,337,1,24544.58,18830.79,0,1
ae6df363-43d7-4939,687,8,31693.1,7167.18,2,1
2068e19e-bccd-4c8a,481,9,14187.82,1717.48,4,0
99ef04f3-09f5-49aa,711,4,29550.61,13613.55,1,0
4ce44c40-4de1-4761,405,10,12326.63,3642.43,1,0
d17fba0e-9661-4d38,369,8,2639.5,1586.14,4,0
d7f59bbd-4581-40a1,412,2,5640.05,4591.13,4,0
534ac2f9-0114-4f04,654,7,42688.98,6283.38,4,1
c943d12e-83c2-4b96,742,10,13157.14,4889.43,4,0
3a7bd6e4-ab48-45f1,806,3,7730.03,4428.97,5,1
707d32f3-f6d0-4c83,350,4,20868.95,5117.35,0,1
017e81ff-6ed1-48fb,751,6,16148.37,12756.06,4,0
63da4c14-f120-4718,315,4,6152.97,701.53,2,0
fd7a5dcc-d66a-478b,541,5,23294.05,21488.19,0,1
39a61e9e-a0cf-4b12,404,4,21451.19,20516.26,3,0
51eced3a-fd78-4eba,784,7,39293.89,17009.9,4,1
65d5b0ba-637f-4f6d,529,3,27250.51,2099.84,2,0
72e0a9f2-d00a-4740,339,7,22058.5,14592.02,1,0
b04074ff-cfc7-4e53,805,8,34133.77,9387.55,3,0
6ca380b8-3334-4786,755,3,17924.01,13530.48,1,1
1d8001b6-2ddf-4007,659,8,29792.39,28956.42,2,0
c442084a-d176-4dd9,408,6,24299.12,3841.48,5,1
17269a53-02b8-4914,401,10,40342.88,34172.4,4,1
4726f945-9cf3-439a,326,1,26928.64,3869.12,2,0
1c9259eb-77e7-42ba,386,2,36873.79,26548.6,4,1
ec0a19b6-d3ab-44c7,447,7,30782.04,29599.06,0,1
2ec3d63b-14f7-458a,652,5,14844.33,14004.77,5,1
cc6c89ac-cffb-49ab,427,2,36943.08,3083.43,0,1
4a0fd361-2c29-4f3e,839,6,46125.17,10223.47,5,0
150aece0-fd38-4380,410,9,41075.47,34388.98,3,0
7b652980-2ba9-4909,811,7,4606.91,3200.11,3,0
c59dd6c4-04b8-4542,718,9,14892.93,12688.62,4,1
b217513c-93ac-455d,637,6,31245.89,25102.16,1,0
e0bebe7d-84fd-47e4,632,5,13493.7,8707.17,1,1
0bebe972-2487-4b40,616,3,17600.83,9020.27,0,0
a9625aa0-4900-419c,822,8,37012.55,36524.09,5,1
f642b030-9728-4dec,511,9,45758.94,28321.58,4,1
1653436a-0bd3-48f2,559,9,43103.45,15471.55,0,0
d647f3ef-f2ff-4f73,437,7,40665.79,11008.09,1,1
9bdf7af1-7597-4706,546,5,46976.3,14622.33,4,1
3e9a4635-a882-40cb,676,6,10504.43,8016.21,1,0
db0631e2-938d-4de1,313,10,37627.52,28189.21,2,0
0eaf33e3-b353-4b8b,693,4,31960.21,18816.99,1,0
03801c6c-1aa1-4c49,642,8,29490.96,16382.03,2,1
c2a57be1-3da9-48f7,442,4,24180.16,8590.62,4,0
ab98189d-234e-4cfe,817,10,34006.39,32108.53,3,1
5d66c438-3ec5-40c8,850,5,42700.89,17110.2,2,0
acb256a8-d842-4679,782,5,19947.31,10106.26,0,0
9a90a8fe-1063-4359,771,6,48760.86,27747.29,1,1
b9eb3583-fd70-43ab,651,1,26869.96,18563.11,4,1
d6e60fa7-9bb3-4900,346,9,41016.86,2151.82,1,0
1a8da660-1f0c-47a7,524,5,32951.13,4153.33,1,1
dacc1f8b-8ae7-450d,315,3,16226.42,8838.6,4,0
c7593a13-baa6-4cb5,584,4,15838.54,2523.24,4,1
3132b343-e960-42e3,334,10,18347.18,1081.65,5,1
5cda087d-9cfc-4d65,327,9,25722.75,8894.78,4,0
c1908d9a-6ee8-44dc,608,10,38188.96,6779.65,1,1
19f5c360-9f29-42de,447,5,26147.32,435.6,3,1
c619b150-5fa3-48ec,617,8,44384.19,4713.6,1,0
5b1bf14b-f901-4563,714,1,25024.07,10670.18,5,1
f41172e9-3afb-484b,524,6,7131.07,1163.3,5,0
e02cf27a-d395-43b0,609,6,4314.11,1611.75,3,1
60f47d8c-45fe-4fee,364,8,44571.9,4450.1,4,1
c437efc6-12d8-423d,524,3,47804.82,41410.23,1,0
4243fdfb-dcec-48ae,735,8,41118.63,21422.8,1,0
eb6f568b-19d7-4905,549,1,37957.9,6935.46,4,0
0b459cc6-89eb-4f9b,456,4,5057.82,4028.77,4,1
f2f3700b-5115-4695,451,8,22903.18,20964.68,4,0
c0d5f0e5-7ddd-4dce,472,10,26372.48,21565.77,3,0
085c1deb-5540-451f,489,8,39563.92,6835.61,4,0
c5b9f6e7-7ab6-49e9,831,1,9210.88,5449.9,1,1
a0675ada-16f7-459f,600,2,38914.42,26537.1,4,0
241aa26c-62b9-4c8e,613,9,19962.82,14651.92,3,0
0f0d8ce8-2839-462f,649,8,39031.77,9528.89,1,1
65fa4ee9-4b28-41d8,623,4,49943.99,39226.77,4,1
5111cde8-f6b9-4e66,544,1,40510.2,8607.24,1,0
3dce47a4-65c7-4777,409,9,45894.17,37450.31,4,0
c203c2d5-e9bc-459c,703,2,42711.08,10845.73,2,1
314dd6c9-3530-4eaf,814,2,45608.19,1151.87,4,1
7e60eed2-e659-42ca,306,4,9696.58,6291.64,5,1
32c7eb8a-8539-4210,399,3,20425.85,15772.19,3,0
25c01621-d723-41c2,737,8,49125.2,34850.77,5,1
e9dfe869-2858-47f8,334,5,32304.29,9781.37,1,1
3c3b2201-152d-46fd,598,10,36349.81,11574.96,4,0
aa79630f-82cc-432b,610,1,43317.99,39935.8,4,0
fdd5e346-3825-4789,501,7,35150.7,24916.27,4,0
69a6b068-2e5e-41c4,314,5,15854.48,4385.97,3,1
4957ea7d-0350-4b27,624,2,20203.98,19895.02,0,0
61484d2a-e5a0-4c18,366,1,40735.28,5629.04,1,0
a9c3a3f2-c2a4-45a6,773,8,26741.27,12460.32,3,0
86c2f159-8a3e-401a,713,1,6666.94,4071.12,2,1
39001b0a-8719-47c2,377,1,45671.18,41068.07,2,0
04fbb160-e146-47f0,692,3,27464.8,11540.76,4,0
cfe4c56d-4a07-423e,534,5,16237.28,15197.87,3,1
88f5357e-f21c-4200,761,7,44304.97,20774.31,0,1
565cd1b3-2455-4a13,670,4,23950.19,20389.2,2,0
ccc227ed-8491-42c8,713,1,3201.36,3168.56,3,0
c139cc6b-603a-4387,655,8,44193.47,31619.13,4,1
48f0e5cc-e6a8-4c94,546,2,17611.05,13574.21,1,0
c5797230-1109-4949,499,7,13046.16,2005.95,1,1
c87fd80a-f243-4577,697,2,14437.89,10214.46,3,0
3c9788b2-dbc2-4cd8,658,10,12499.08,2292.91,4,0
86b02140-eab3-4b7f,468,3,17608.57,3530.32,4,1
a621a53e-0bea-4d4e,309,4,4190.65,3860.5,2,0
47c20501-249b-4a8a,816,10,46332.93,43569.29,0,1
d3866002-2488-4c1c,374,2,14313.94,5156.1,0,0
a8825312-b6e7-4774,360,7,7922.7,37.54,0,0
88feec97-ac46-49b0,561,7,10737.83,7256.72,3,0
659e9ef8-a934-45a3,662,2,34896.26,6574.74,3,0
cdf1d6ea-6dbd-44b6,693,2,23406.24,19678.34,3,1
dce7eee2-93e9-4562,387,8,24641.31,16150.81,1,0
dbf9755a-0c68-40a0,813,6,40033.85,6834.78,5,1
5a7e127e-eb41-42b4,509,9,14308.26,10345.48,0,1
91314a94-6d35-439c,560,4,37610.71,36832.51,3,0
9538c672-1547-44e3,641,3,38151.03,9489.32,1,0
aebbbdb1-3abf-4897,313,10,47193.59,33391.72,0,1
ed983eb8-33f7-48fa,579,5,8447.34,3518.5,4,1
31b535dd-0aeb-4f64,335,7,47870.88,4478.29,3,1
011a493b-be9d-48ca,535,1,18880.11,723.39,0,1
0d9f88c8-b8c6-4bb0,586,10,16262.79,12521.62,0,0
43d9768b-a268-4a9e,510,2,45680.96,5490.04,1,1
d606b006-c911-4839,765,4,34191.27,18075.93,0,1
d3caf67f-5e7d-4482,676,3,38335.25,21651.78,0,0
dbdd6d87-c876-46d8,405,2,14146.39,1696.13,1,1
648eca85-75f5-436b,790,2,44971.93,16627.74,5,0
c84618b0-52e8-47d7,687,8,39838.24,18012.15,1,0
c4535ff2-c9dd-4741,837,3,30749.53,24931.15,1,0
dc4c2015-3e97-4d33,685,8,13499.85,7963.82,4,0
53b61fd8-5261-4685,755,10,17184.78,1539.68,0,0
390f01d9-40d5-4a5a,396,2,6575.54,5070.1,0,0
be55f6f4-40dc-4949,780,1,46368.56,8242.18,1,0
75f45670-8b33-464b,566,5,31156.04,7245.84,1,0
05d74045-57d7-4965,554,2,15708.73,7359.78,1,0
9111a429-166b-41fc,761,3,39780.21,9701.79,4,1
f1f68032-84c8-4b85,572,4,1783.99,450.67,0,0
a0fb7c36-f675-4477,665,3,41055.11,3490.65,5,0
67891464-ebd7-4f5d,466,8,9724.0,7678.11,1,1
e097d3ef-4e02-4ae1,755,1,11402.3,5206.76,0,0
e2cd5c0e-f512-4a23,466,3,40008.73,18957.74,5,0
89554b55-a5fe-45c2,708,6,45195.58,25618.81,4,1
3230668b-c672-4951,517,5,5050.0,2518.59,5,0
97f1f083-b0d2-4bfd,668,2,22266.86,9483.51,1,0
d98bab29-9148-456a,676,3,1248.59,454.34,3,1
588f2fb8-5972-4122,505,9,34364.66,4652.35,2,1
7c36c32c-5159-4779,516,7,1586.16,344.77,4,0
c2c7b1c1-1113-42a0,332,3,37948.58,19931.84,0,1
43c9b11d-cfb8-45dd,831,2,47569.4,27401.49,4,0
948a843d-12b5-4517,538,4,9014.97,1511.82,4,0
c1446953-7b24-4763,449,7,32569.35,7951.98,5,1
be69c5d7-9d61-491e,455,9,37242.33,2862.85,3,1
ffdc9fef-94bd-4a7a,365,9,48915.16,43773.86,3,0
3a1fbd3f-2825-44df,346,3,14681.66,6800.03,2,0
cdbc27c8-37ee-4520,401,8,22104.57,2150.16,4,0
9e3cbf41-255d-41d5,323,4,20992.01,8780.1,0,0
150be8b4-f589-4082,554,9,18774.65,10925.85,0,1
6dda8d13-2332-4830,737,5,18276.69,4079.51,4,1
4b2ce88a-05ac-4c6a,790,8,5650.88,2533.24,1,0
40e2edbc-26dd-4414,700,4,27770.13,10997.79,0,1
129acd8b-b632-4669,779,2,10221.63,1592.5,1,1
4dbe09aa-9a55-4935,408,6,48914.25,19215.86,2,0
dd423fcd-6bb2-4ef7,621,6,7578.21,6728.62,1,0
c3af0cc4-59df-4ca4,794,7,21416.48,16795.8,1,1
44f7d382-a29c-4d00,692,9,41342.52,16333.23,3,0
a5c9d413-56b2-43bc,643,9,41842.0,11439.16,0,1
5b75c975-40da-455c,842,2,16438.2,5007.69,4,0
74abe2df-ed02-4c29,403,5,10033.41,3521.3,4,0
d9d16eb6-47f7-4d6c,688,9,48809.06,6596.21,3,1
46327e40-898e-45de,540,3,10433.28,5850.42,3,1
610e41d7-1e0b-47f4,581,5,25475.32,18382.94,1,1
da490c1b-feb5-4157,804,10,3955.52,3149.9,2,1
c066255d-4802-4c9e,613,10,13220.83,3037.88,5,1
9a977eef-88bd-4294,451,8,39923.22,38743.4,2,0
13500c21-a683-4d2e,315,5,14368.22,954.91,3,1
413f4fb0-89a2-462d,599,5,2830.43,2147.29,0,1
8579d9cc-23de-4ebd,838,7,29734.87,7497.07,5,0
d082b535-91b1-432b,309,10,49418.48,18487.01,0,0
e055f579-9991-475a,494,8,24143.55,8152.63,0,1
533e1f81-07c9-40ed,469,10,11700.85,9132.63,3,1
0d030010-9373-4743,502,7,7746.8,6333.83,0,1
73281167-afb5-42e4,498,9,21466.54,7116.75,1,1
b08e8cb0-b43c-4d10,648,2,9877.63,8723.84,1,1
41c4895c-8347-4736,418,6,32825.66,27607.91,2,1
66ca389d-972d-4606,531,3,40560.42,38440.67,5,0
86b5b03c-af4d-4531,761,5,13783.78,9186.93,5,1
7eeafc18-5d28-4e78,479,5,46711.26,46434.65,1,0
09253a0f-7b17-4b47,762,6,8824.04,8328.69,4,0
45d918e2-9fc9-418b,828,6,28261.42,12881.59,1,0
9599aa56-4a79-4582,504,6,25049.43,17737.82,1,0
25fe12ea-55e1-478c,550,7,39836.63,3862.66,2,0
43198d95-fa9a-440e,466,4,4704.23,4663.25,5,0
982b9c49-575b-4713,784,5,14249.12,11256.74,2,1
7d499248-0e7a-451e,426,4,1505.86,840.62,2,1
535ef56e-db20-4c4b,335,5,30258.52,23176.04,0,1
11bc268d-10c1-4577,578,1,16270.32,16004.56,4,0
486647ec-12ae-43f1,528,9,20639.75,5087.13,2,0
f17bfcc2-a942-4e12,340,9,35243.88,13091.72,1,0
2bcad484-3dc9-45ad,572,4,3243.08,2699.36,3,1
269f7c74-9f14-4b28,539,6,31329.65,17940.97,3,0
8f8553ce-4ad5-4582,741,4,7223.32,1115.19,3,1
2ae67108-8bad-4af9,424,2,8560.95,7500.99,5,1
8fc032ea-8bb9-4006,607,1,20571.1,3153.92,0,0
48864c73-a556-4f10,436,10,7810.22,5681.75,2,1
df239b73-52e5-41c2,789,5,25934.9,20815.2,3,1
e1660c26-87ae-4774,578,9,35936.03,17238.37,3,1
c4e578b9-95f2-42e1,718,10,39990.14,12390.15,5,0
fc98617a-5ce6-49ba,734,8,48828.84,26527.62,3,0
e4143c40-fbfb-4c01,479,3,30981.0,15688.08,2,1
91170dc6-4977-4a2b,712,8,11677.42,8602.9,2,0
b99ccaa5-6a81-42ea,339,6,35517.06,21754.83,3,1
ad0d2f73-aa32-493c,823,6,4049.1,1653.43,1,1
c10358c5-0644-4a57,413,1,11170.94,1508.07,2,0
b7f03cdb-d496-4377,777,3,5633.17,2435.09,1,1
b94cfd8a-8cf9-4729,445,3,42021.85,39427.22,0,0
e4cd32d7-ad04-4e8c,387,1,28285.72,18082.91,3,0
66c6a2dd-6666-4f4c,661,2,13610.49,4209.39,3,0
c0fd7be1-3094-40c1,394,2,42074.35,36637.21,2,0
b847f5fd-6575-49b1,524,1,5537.92,3169.3,5,0
32778eba-976b-4348,809,8,23840.27,12043.97,1,0
062433ea-62b2-4834,450,2,41424.51,8795.54,4,1
c6dc78fa-178a-4fcf,389,4,17361.66,163.02,1,1
01cf3b56-b3da-406a,464,6,12699.76,12105.73,1,1
179d751d-a8ec-4e21,387,7,23736.66,12216.98,1,0
99d8439a-7f6c-4c2e,347,8,18388.79,7391.17,1,0
2aa7b946-c310-484b,337,10,21759.46,21284.62,2,0
2184f0d1-2253-4412,528,9,22461.99,16658.67,2,0
441dbdfa-2096-4a41,712,7,48277.41,40383.78,2,1
bd10a1a2-f888-4415,719,5,26775.2,2436.88,2,0
a08175fb-e178-4931,488,10,9685.17,1081.37,5,0
83dd337d-0278-4902,698,6,36023.73,17796.33,3,1
08bfad66-af5e-474d,700,1,32983.27,12850.48,3,0
0f3158e6-0e2e-425e,611,4,5038.58,2891.71,3,0
20b5c919-2a9b-4e4a,753,6,43925.83,3235.42,1,1
304f7078-ba1e-4a94,496,1,9669.63,7578.59,4,1
73257966-63ac-4209,692,9,7092.34,5453.54,3,1
43d0cbfb-64fe-4582,436,1,46742.48,18642.13,2,0
031da7b4-beba-4f3f,602,4,49018.82,36288.09,4,1
c8d491ac-2ad3-4c73,327,5,31772.9,4721.71,3,1
713b0a84-f72f-4d5a,804,9,35141.76,24537.53,1,1
47f5592a-3a78-4081,535,10,26109.76,14747.63,3,1
45575862-bad4-4c7c,552,2,9951.61,3036.8,3,1
5ac5f0f4-7e5d-4b25,401,9,7726.07,4431.99,4,1
f71df8f5-8fb8-4682,800,8,22731.2,14938.96,4,1
76e1eb26-ced4-4abb,559,2,37817.07,6150.39,4,1
544d6c34-ac10-4fdb,763,6,47985.46,46640.66,0,1
39f92187-88fa-489c,512,4,24945.44,5705.5,4,0
63a2be16-4fdd-4743,843,9,32752.58,32429.04,2,0
73c3070f-254d-4684,513,5,8738.78,4816.22,3,0
02feefb5-06cc-47de,390,6,33899.96,25330.87,1,1
ac31041b-0499-42b4,762,6,40382.52,4632.32,0,0
422069db-af1f-47a2,679,5,33790.51,3176.29,4,0
3b846679-c4af-4315,350,6,25963.86,19378.54,3,1
6b8cc540-c6b8-422e,523,1,35500.35,5483.22,5,0
49f3ff08-45f2-4ba7,392,5,19114.32,18816.8,4,1
20596da9-b904-4d5d,712,7,24861.6,15376.68,0,0
e43dead3-0aa4-466b,605,6,30074.65,25866.5,5,0
a7be6e65-d7b2-44be,573,2,38040.34,23266.26,4,0
31a813cc-c593-4407,422,4,7121.67,1433.28,1,1
4f298214-ab68-4f9a,519,2,33699.5,4760.98,3,0
2b5cb8e3-7e1a-43a2,704,6,19810.24,8976.75,0,0
d27cbfe6-c2ee-40c7,788,3,29724.77,23129.11,2,1
47ba10d1-a621-4789,593,9,42586.32,19685.52,0,0
78e881b2-4e7b-4e38,447,9,16590.51,6369.3,5,1
f1a10feb-0201-4bda,405,1,14809.19,1826.16,2,0
925f8cb0-8be3-4c04,422,8,27892.46,24254.43,5,1
20cf3626-8652-41e5,657,9,1472.34,351.22,1,0
4bcce9f4-b7e5-44d5,675,9,47564.62,8372.74,2,1
782125a2-3387-4023,652,5,17004.8,5019.64,1,1
f45f5a22-9568-4c99,816,9,21959.56,13772.47,4,0
05936374-cf75-4c6c,451,2,25933.21,18555.92,3,1
4e24957a-bc05-430b,402,10,25099.4,20706.26,5,1
cba39dc5-53b1-4e6d,338,8,30595.31,7810.8,5,1
fa4747d7-9276-49d3,530,2,24319.59,3458.55,2,1
d6c33743-7943-44a5,596,9,37356.85,27534.36,3,1
f844a415-c009-4403,439,4,34118.84,18056.79,2,0
071b1f30-ee6e-404c,775,2,32686.97,27164.08,5,1
342d69d2-2b17-43cb,727,9,27196.24,15807.34,4,1
6badc906-61cf-4246,448,3,24000.92,2788.68,3,0
f8ecbd5a-c864-4cfe,512,8,38861.99,10150.1,2,1
be5d191a-29c0-47bb,304,8,20603.07,7750.8,4,1
d96c1157-74ac-4357,406,5,20772.51,17951.42,0,1
19164281-1c3b-42c0,331,3,11810.38,6682.65,3,0
4f9b3156-4464-41ee,423,1,5680.1,993.13,5,1
a46a30a9-4df9-462a,791,6,23554.47,21865.18,2,0
b9807a0a-d6b7-4329,666,7,12089.7,11988.56,3,0
3a085cb7-ade9-4674,677,6,19092.16,2203.34,5,1
c9a4778b-be9f-46dd,621,4,2723.65,855.89,5,1
6c918b69-0e32-4e87,475,5,29321.31,18505.24,5,1
f45d1516-f7d2-4bb0,540,8,35293.05,10156.98,3,1
6a87635c-75d3-4d2b,769,1,16077.1,12647.16,0,1
ce43a0f8-a102-42a5,305,6,12106.89,8453.21,4,1
84e3e88c-978a-4ce0,330,5,24984.95,2238.08,3,1
0f1110d0-99ef-49ba,375,4,30688.02,3013.13,1,0
c1c50c55-31a2-443e,741,2,5217.62,4674.45,0,0
cdc24150-445c-46ce,806,5,49899.15,22710.68,3,1
894042c1-bd00-49b2,601,7,27978.06,9334.83,5,1
044f7428-ce9d-4c2a,796,1,8599.37,7252.95,5,0
d1b02c2f-ee09-4855,446,4,35269.02,9178.81,5,1
e76c7c3a-0c4d-4c97,481,10,25793.62,7903.12,2,1
92c6415b-5282-4b7b,425,6,37432.91,33088.09,5,1
da25cd99-57ba-4644,617,10,47044.33,37266.37,0,0
057dd4dc-02b9-42df,701,9,47065.82,10061.39,1,1
ca5e105e-49df-434a,625,9,10009.07,9765.52,3,0
b5a7e916-0374-4869,741,9,22701.12,21346.78,4,0
6e848691-ed33-4005,448,6,45959.92,31635.21,0,0
5c1a2f04-1285-4788,478,9,32587.02,1917.57,5,0
64bd713e-0c43-4cf5,556,3,35358.72,12189.88,3,0
1c649c7f-c226-4f8a,814,5,32015.55,5870.49,0,1
771b02b8-b9ba-49e8,749,6,8027.46,5082.72,3,1
d4ed0cb5-21d4-40f8,838,1,22861.5,7371.61,0,1
f41f1b21-8ff3-497f,709,2,24425.86,23448.26,0,0
b47b3b71-c363-424c,368,8,39500.34,9293.84,1,1
d90d7d05-b0e4-4e03,434,8,30706.51,3271.67,2,0
0091605b-888d-4a95,783,4,37348.55,687.86,4,1
6d08d8bc-e149-4a68,315,2,19265.79,651.09,5,0
ee76b85d-2727-4344,503,5,14160.46,10850.92,1,0
8fd81d5b-125c-4cb9,483,9,28719.59,4416.13,0,1
feaa51db-6475-4bbf,751,6,1575.76,1004.88,1,0
dcbc9040-7118-4b32,622,6,8463.89,2447.13,3,1
67719a6a-b58a-4936,712,1,11211.71,405.66,4,1
c042cd90-d928-4b47,458,5,32652.36,19183.14,5,1
6a9cc706-de29-4f0c,795,10,40803.89,6759.25,1,0
19d6c806-2e35-4337,581,1,9529.98,4252.23,5,0
d29cfa6e-4c18-41eb,395,9,12000.5,5714.55,5,0
6634fd80-466c-4bff,781,4,10326.0,8109.5,0,1
3277c81b-5d66-4348,301,8,27360.0,19393.59,4,0
8c3f07ef-c434-4dea,337,3,49062.51,43759.18,1,1
6fe4c1e1-b47d-489e,354,2,11352.57,8088.81,5,1
1321d1e7-8420-4bf0,800,8,28659.41,16287.27,2,0
35e9cff7-b528-41f5,539,8,48283.57,44462.3,0,1
edb8f128-1294-47d0,584,10,2372.27,1719.22,0,0
adc6da38-3c99-4dae,421,3,26723.88,22029.64,3,0
1563b966-4f89-4e81,500,8,8854.04,8208.78,2,0
7f11e838-f01a-4329,582,5,28937.01,15934.12,5,0
bbe576ab-3ba7-4864,470,3,30094.29,18781.13,2,1
ecde51c8-1462-49e1,681,8,29803.59,3352.71,0,1
4d7417ef-259e-4b73,581,4,16873.8,11206.2,5,1
ef84f10a-870f-4433,849,5,39742.98,27319.7,1,1
f93b1b71-77b5-457b,557,6,45804.01,41161.36,3,1
f87bcbd2-19c5-4aa8,407,4,27788.04,20656.87,3,1
2c7c6f46-6b3b-452c,484,9,5691.99,5142.96,4,1
7b3f0ff3-ea97-48be,465,5,40204.59,27116.44,1,1
f035f0c1-d9ed-48a9,688,9,24336.59,19242.81,0,0
6acca942-74f4-4163,444,3,5675.22,621.37,0,1
e8a5e731-b542-4415,430,2,37722.51,24427.85,5,0
44027a2b-c629-4910,840,8,36536.87,25626.28,3,1
a068467b-eafd-4619,440,2,41315.53,10435.62,5,1
32ffe6cc-0e1e-48a4,638,8,9910.2,8484.2,2,0
950313ff-bb11-4eb1,679,4,26726.53,2787.33,5,0
9b4acc2b-91ba-45d3,771,6,12934.86,11607.04,3,1
c2728b7c-9b7e-499c,775,8,26151.99,1344.1,1,1
4e92c577-c349-4a27,728,1,35188.22,16264.8,1,0
aff4d3c7-74ed-4744,578,9,32132.19,15274.26,1,0
fe33904a-4747-4e23,336,3,34904.16,27867.96,2,1
35ecca3a-448b-46ce,683,5,32296.02,427.17,2,0
0fcd716a-f702-477c,716,6,13554.72,12566.46,0,1
ba78367b-fff5-46d2,727,1,40423.01,25915.07,2,1
d113e59e-7db1-438d,644,9,32830.56,11210.48,0,0
5fbb0aa0-0f6c-4073,733,3,36507.34,5000.57,4,0
b24e6898-a092-4996,711,6,46082.97,33818.17,3,0
08865d16-ab41-4d47,751,8,7092.56,3338.43,4,0
e7f1a875-6ad2-458b,654,6,15173.56,12520.06,3,0
14378843-37dc-46fc,670,5,28371.04,18456.63,3,0
60f2e826-fbd3-41b7,750,7,38748.42,15111.34,5,0
e0773204-4060-4b6f,595,10,38665.1,24291.67,3,0
774b30be-1d22-4c5e,468,1,44349.83,10093.76,4,1
3e5cb99c-994b-46ac,571,2,25139.68,7797.06,2,0
be3c69c7-3488-4aab,312,2,22210.16,56.63,1,1
1a063cc4-a2c7-483a,418,6,43989.33,25113.03,3,0
2740f78a-02f1-47cb,509,4,44557.35,25765.95,5,1
2c081cdc-2758-40c6,509,2,13755.34,4037.98,5,0
c650bdd7-40cc-424d,690,10,31790.17,23433.53,2,0
051bbfeb-000d-4d70,824,6,44660.49,27590.45,5,0
bfc0dee9-efba-4269,846,8,44591.99,6528.64,0,0
2d932cfb-8346-41b6,354,5,32711.15,2025.27,5,0
bcd30c05-ef44-4ba6,485,8,47063.45,18447.35,5,0
1a91d253-7abe-48ec,667,10,21757.07,2558.21,1,0
262dd990-4349-4ed5,705,8,18252.71,2535.61,5,1
b7a5e763-eeba-4fb1,447,10,41425.13,6587.02,3,0
fe45bf65-fa3a-4d63,311,10,2534.11,527.79,1,0
4077aff9-6dd0-4704,670,5,36851.83,1323.48,0,1
60df8a8f-dff3-4c4e,663,10,47359.87,10452.01,3,1
d58bc0c4-a7d8-467a,806,4,42483.53,29292.71,3,0
58b98e02-5aac-462a,753,10,43042.88,24139.84,0,0
5989e81e-8c5e-4f25,682,9,38713.33,15935.7,1,0
577b88b4-3d1d-486a,751,4,16412.8,9334.11,2,0
f67a2e41-afad-4004,803,6,2701.46,2273.01,2,1
43643d0b-da36-497b,776,2,6936.82,485.2,0,1
2016b902-48d9-4e02,649,2,48471.54,43060.77,4,0
c79fd03b-9b9d-46c9,300,4,41509.78,39210.08,1,1
14d363ed-827b-46a0,306,10,15155.42,4847.08,3,1
a88456f5-7b8d-4b7f,837,2,33672.15,20976.44,2,1
d2e4ea86-062d-4dd1,378,5,47238.67,35834.2,2,1
0f18cbd5-d09b-4840,410,4,46805.23,10023.98,5,0
c7369e61-358a-453e,612,9,16270.68,1500.6,0,1
b2b48e7e-a0d8-4797,788,3,13327.47,12128.7,2,1
1c6f3cda-db97-4bbd,808,1,47302.05,40744.94,5,0
99de8eb5-fa93-4a30,571,10,29295.54,26325.65,3,0
703136ff-0942-49bc,562,10,1945.93,375.98,4,0
72b00386-f7ad-4b20,753,2,2089.62,3.12,2,0
11f073d7-7d85-4c02,702,10,46399.49,924.56,4,1
6f33ac1a-b8ea-46c6,833,9,26794.41,22762.92,0,1
55f782f8-1ef1-407c,462,8,3169.49,1537.73,0,1
58c9d390-c470-4ec4,352,2,8631.28,327.2,2,0
e533d56e-29cc-4e1b,645,9,11344.01,11310.31,1,0
51c4a125-d34c-4634,590,10,31197.62,9127.96,4,1
b99e541d-94e7-4750,629,8,36030.15,26886.38,0,1
672f99b3-b3ba-48c0,710,6,18141.29,2979.46,3,1
d1f73f89-3712-4bf3,792,6,2188.18,751.77,0,0
4286b26e-a87e-4296,700,5,18638.33,6243.12,4,0
7e9c6a33-9f5a-428f,707,8,37842.89,17121.65,1,0
dda8878b-7512-478f,818,2,38595.27,2044.0,3,1
a5c075fb-5586-496b,408,9,44542.9,13598.17,5,0
4c09b459-1248-49b3,734,7,43755.18,10697.94,5,0
d30f7801-344b-42f9,797,4,26449.6,4463.52,2,1
aa31e9ce-52aa-4500,410,3,28998.58,6119.08,2,1
4ac537ef-ad98-4b56,375,6,4334.1,1641.49,1,0
2e474a28-ec7b-4f28,608,10,5042.18,2441.88,0,1
cb1c9eff-b56b-4947,839,2,20141.48,13465.04,4,1
4c4706e2-855c-4a79,453,2,48471.97,7535.04,2,1
140cb222-5c78-42b4,756,8,41075.47,36283.28,1,0
802d086f-b861-4ae4,845,9,10293.71,3284.09,3,0
000b635f-f952-4e63,318,5,11060.99,34.84,2,0
e8193dab-5008-45ff,541,6,46164.23,11003.98,2,0
9a61af3b-7ab3-4eaf,790,6,26639.66,23466.52,4,0
02835640-a897-40e2,446,10,33558.87,16512.85,4,0
6d2e8032-1c31-4277,682,6,20251.27,7424.18,0,1
c4c3e19d-20a6-4861,658,5,27022.6,15949.35,0,0
a538d6c2-402e-4a99,609,2,29105.23,28231.51,4,0
4571f214-ce93-43b2,693,9,34609.53,31440.52,3,1
5c1a4531-6992-42e0,674,6,17630.9,4583.57,3,0
bcd65ff9-77ee-4650,794,1,1481.02,1282.7,2,1
94d01344-de98-4c85,404,2,24341.51,12344.69,3,1
559d7e7b-9e90-4dc4,335,2,43953.47,12755.18,1,0
414b5669-6bd7-4e2d,406,3,23390.85,18160.45,4,1
75218902-822c-46de,755,5,31965.36,8837.9,0,0
ce7ca702-e8db-4f7d,814,5,15059.95,10269.54,2,0
eedf8277-4e3d-4283,693,5,47659.78,19285.17,4,1
28b0c0ba-2658-4ea3,421,6,47621.46,17336.46,3,1
e3ab1935-d85c-4e38,689,7,2712.36,530.72,3,0
4fc012d3-7bfc-4536,679,8,20864.22,8220.82,3,1
3b354484-6dbf-4732,532,10,26243.08,14589.9,2,1
5b8a937e-b430-4406,705,8,44768.77,22665.17,2,0
46ab2738-d484-40ae,472,5,8862.71,8665.86,5,1
4fef126a-75f3-4c99,314,1,16283.72,5207.75,1,0
8ef0398d-5242-4e23,319,6,27637.93,5099.38,1,0
54c6870a-ebf5-4dcf,786,5,12573.31,12563.33,2,1
0d61ce02-36bb-4645,445,10,3548.73,67.43,2,0
245df29d-7311-4b87,476,2,41205.1,27271.95,4,0
895dcb30-1247-4ff3,849,3,22054.58,5458.71,2,0
a7c7e62e-9626-4ff7,676,6,31175.58,1769.88,4,0
a655e7e3-f46b-458b,452,1,7956.82,1157.2,3,1
49f66373-ff33-47d3,752,9,7103.82,5090.75,0,1
50247e05-ebd9-4a5e,320,3,8566.59,1958.95,0,1
8f1e8910-8407-4e0a,603,7,36195.71,21359.12,3,0
d82ccdc7-f043-4bc2,566,1,48032.6,37990.9,3,0
ab597fdf-1191-447b,648,2,16403.39,10550.47,5,0
e2cc25f1-16ea-4b34,747,9,32942.64,19287.67,3,0
dd46044d-7515-4271,562,3,15783.28,3398.15,1,1
96a3852a-01e7-4515,577,6,5236.27,3344.64,5,0
4a4fab7c-d1c3-4d12,633,10,31804.72,15307.15,5,1
74c69850-11a9-4436,719,9,10326.04,8181.83,4,1
e24c5ab9-330a-43be,367,5,33470.29,1985.29,5,0
14482007-b152-4576,473,7,39606.38,26889.42,4,0
ba0635a3-bde3-4e2a,402,9,46604.88,5985.22,5,1
bb2ba070-e009-46e6,692,6,39778.98,31504.92,1,1
e7a1ba69-5aa4-42b5,662,7,5101.62,2188.85,2,1
ec0e9a05-f169-4b62,546,2,14252.59,1725.22,1,0
5c47785e-a0e9-4fb1,799,4,19900.49,15427.65,5,1
d36b3bca-2e8c-4a8f,795,8,21370.65,2667.37,0,1
cea80d65-7b45-4754,328,6,3791.54,513.57,0,0
f9f5b3f8-8ac3-4736,321,6,45899.94,45190.77,3,0
57b4dc59-4dbe-493b,528,8,39409.18,28934.06,0,1
e1d5bc2d-2044-42dc,561,6,9951.84,549.85,0,0
a0d8cbae-f8da-4aca,345,2,49824.31,1128.7,0,1
b33f4c3e-03bd-4628,846,10,16169.57,3806.86,2,0
cbb1fb4b-bad0-4eb8,714,2,17725.08,274.07,1,0
dae3d7cf-525a-48b8,417,3,28902.39,26979.62,4,0
d256e488-4c7e-4c94,674,9,1481.72,782.07,3,1
2a0cad4d-4fed-482e,743,6,8047.5,3088.53,1,0
